{"cameraMode":{"drawMode":0,"name":"Shaded","section":"Shading Mode"},"sceneLighting":true,"audioPlay":false,"sceneViewState":{"showFog":true,"showMaterialUpdate":false,"showSkybox":true,"showFlares":true,"showImageEffects":true,"showParticleSystems":true},"in2DMode":false,"pivot":{"x":-5.370615482330322,"y":-1.1495047807693482,"z":2.225860118865967},"rotation":{"x":-0.21024325489997865,"y":0.38807985186576846,"z":-0.0914028137922287,"w":-0.8926587104797363},"size":8.27132797241211,"orthographic":false}